name	year	style	country
Arabesque_L._66_No._1_in_E_Major.xml	1888	impressionism	france
Bach_Cello_Suite_No._1_For_Violin.xml	1717	baroque	germany
Beethoven_-_Sonata_No._14_Op._27_No._2_MondscheinMoonlight.xml	1800	romantism	germany
Beethoven_Symphony_No._7_2nd_movement_Piano_solo.xml	1811	romantism	germany
Bella_Ciao.xml	1942	traditional	italy
Bella_Ciao_-_La_Casa_de_Papel.xml	1942	traditional	italy
Brahms_-_Intermezzo_Opus_116_No_6.xml	1892	romantism	germany
C.P.E._Bach_-_Solfeggietto_in_C_minor.xml	1766	baroque	germany
Canon_in_D.xml	1680	baroque	germany
Canon_in_D__Violin_Solo_.xml	1680	baroque	germany
Carol_of_the_Bells.xml	1914	traditional	ukraine
Chopin_-_Nocturne_Op_9_No_2_E_Flat_Major (1).xml	1830	romantism	poland
Chopin_Etude_Op._10_No._4_C_MinorTorrent.xml	1830	romantism	poland
Clair_de_Lune__Debussy.xml	1888	impressionism	france
Comptine_dUn_Autre_t_-_Amelie.xml	2001	film	france
Concerto_in_A_minor_A_Vivaldi.xml	1711	baroque	italy
Consolation_No._3_in_D_Flat_Major_S_172_-_Franz_Liszt (1).xml	1844	romantism	hungary
Czerny_Little_Pianist_Op.823_No.73.xml	1851	romantism	austria
Dance_of_the_sugar_plum_fairy.xml	1892	romantism	russia
Etude_in_G_Minor_La_Campanella_S._1413.xml	1851	romantism	hungary
Etude_op.10_no._1_Waterfall_Chopin_in_C_Major.xml	1830	romantism	poland
Experience_-_Ludovico_Einaudi.xml	2015	pop	italy
Fantasie-Impromptu_by_Chopin.xml	1834	romantism	poland
Flight_of_the_Bumblebee.xml	1899	romantism	russia
Fr_Elise_-_Beethoven_-_for_beginner_piano.xml	1810	romantism	germany
Gnossienne_No._1.xml	1890	impressionism	france
Greensleeves_for_Piano_easy_and_beautiful.xml	1575	traditional	england
Gymnopdie_No._1__Satie.xml	1888	impressionism	france
G_Minor_Bach.xml	1722	baroque	germany
Habanera_from_Carmen.xml	1863	latin	latin america
Happy_Birthday_To_You_C_Major.xml	1893	easy	usa
Hungarian_Dance_18.xml	1864	romantism	germany
Hungarian_Dance_19.xml	1865	romantism	germany
Jingle_Bells.xml	1850	easy	usa
Lacrimosa_-_Requiem.xml	1797	classicism	austria
Le_Pianiste_virtuose_-_Premiere_partie_1-20_-_C_L_Hanon.xml	1873	exercise	france
Liebestraum_No._3_in_A_Major.xml	1850	romantism	hungary
Lyric_Pieces_Book_II_op._38_No._3_Melody__Edvard_Grieg.xml	1869	romantism	norway
Maple_Leaf_Rag_Scott_Joplin (1).xml	1899	ragtime	usa
Maple_Leaf_Rag_Scott_Joplin.xml	1899	ragtime	usa
Mariage_dAmour.xml	1979	modern	france
Marriage_D_Amour.xml	1979	modern	france
Mon_beau_sapin.xml	1615	traditional	germany
moonlight_sonata_3rd_movement.xml	1800	romantism	germany
Mozart_-_Piano_Sonata_No._16_-_Allegro.xml	1788	classicism	austria
Nocturne_in_E-flat_Major_Op._9_No._2_Easy.xml	1830	romantism	poland
Ode_to_Joy_Easy_variation.xml	1824	romantism	germany
Opus_27_No_2_Moonlight_Sonata_1st_movement.xml	1800	romantism	germany
Pachelbel_Canon_in_D_Fast_Easy_Version.xml	1680	baroque	germany
Piano_Sonata_No._11_K._331_3rd_Movement_Rondo_alla_Turca.xml	1783	classicism	austria
Prelude_in_G_Minor_Op._23_No._5.xml	1901	romantism	russia
Ragging_the_Scale_by_Edward_Claypoole_1915.xml	1915	ragtime	usa
Reverie_-_Debussy__as_written.xml	1890	impressionism	france
Rondo_Alla_Turca_Turkish_March.xml	1783	classicism	austria
Scheherazade_Third_Movement.xml	1888	romantism	russia
Sonate_No._14_Moonlight_1st_Movement.xml	1800	romantism	germany
Sonate_No._14_Moonlight_3rd_Movement.xml	1800	romantism	germany
Symphony_No.2_Op.36__Ludwig_van_Beethoven.xml	1800	classicism	germany
Symphony_No.6_Op.74_Movement_3__Pyotr_Ilyich_Tchaikovsky.xml	1893	romantism	russia
Symphony_No.9_Op.95__Antonn_Dvok_New_World_Symphony_Mvt._I.xml	1893	romantism	czechia
Symphony_No.9_Op.95__Antonn_Dvok_New_World_Symphony_Mvt._II.xml	1893	romantism	czechia
Symphony_No.9_Op.95__Antonn_Dvok_New_World_Symphony_Mvt._III.xml	1893	romantism	czechia
Symphony_No.9_Op.95__Antonn_Dvok_New_World_Symphony_Mvt._IV.xml	1893	romantism	czechia
Symphony_No._5_Beethoven_Easy_Piano.xml	1808	romantism	germany
Tchaikovsky_Sym6_Mvt4.xml	1893	romantism	russia
Test..._Beethoven__Symphony_No._9__Op._125.xml	1824	romantism	germany
The_Entertainer_-_Scott_Joplin.xml	1902	ragtime	usa
The_Entertainer_-_Scott_Joplin_-_1902.xml	1902	ragtime	usa
THE_WELL-TEMPERED_CLAVIER_BOOK_1_PRELUDE_1_IN_C_MAJOR_BY_JOHANN_SEBASTIAN_BACH.xml	1722	baroque	germany
Trio_Op._100.xml	1827	romantism	germany
Turkish_March_-_Jazz_Fantasy.xml	2014	jazz	usa
Unravel_-_Tokyo_Ghoul_covered_by_Animenz_on_Piano.xml	2014	pop	japan
Valse_Venezolano_No._4__Antonio_Lauro_1917-_1986.xml	1948	modern	venesuela
Vaughan_Williams_-_Fantasia_on_Greensleeves.xml	1934	modern	england
Vivaldi_-_Summer__The_Four_Seasons__-_Rousseau.xml	1725	baroque	italy
Vivaldi_Variation.xml	1725	baroque	italy
W.A.Mozart_-_Symphony_No.40_in_Gm_K550_1st_mvt.xml	1772	classicism	germany
Waltz_B._150_in_A_Minor.xml	1845	romantism	poland
Waltz_in_A_MinorChopin.xml	1845	romantism	poland
Waltz_Op._69_No._2_-_Urtext_Edition_-_Frdric_Chopin.xml	1829	romantism	poland
Waltz_Opus_64_No._2_in_C_Minor.xml	1847	romantism	poland
WA_Mozart_Marche_Turque_Turkish_March_fingered.xml	1783	classicism	austria
We_Wish_You_a_Merry_Christmas.xml	1935	traditional	england
schubert-elman2.xml	1800	romantism	germany
Spring_Waltz_Mariage_dAmour_-_Chopin.xml	2000	film	poland
Suite_4.xml	1750	baroque	germany
Summer_-_Third_movement.xml	1720	baroque	germany
